,City,Cloudiness,Country,Date,Humidity,Lat,Lng,Max Temp,Wind Speed
0,Barnstaple,40,GB,1569332581,64,51.08,-4.06,68.0,18.34
1,Puerto Ayora,75,EC,1569332330,77,-0.74,-90.35,69.8,14.99
2,Sidi Ali,39,DZ,1569332554,67,36.1,0.42,75.47,5.79
3,Hilo,90,US,1569332325,88,19.71,-155.08,75.2,5.82
4,Hasaki,75,JP,1569332366,94,35.73,140.83,72.0,6.93
5,Ushuaia,75,AR,1569332315,80,-54.81,-68.31,51.8,36.91
6,Albany,75,US,1569332146,72,42.65,-73.75,66.99,5.82
7,Atuona,0,PF,1569332326,78,-9.8,-139.03,78.35,19.1
8,Rikitea,63,PF,1569332316,73,-23.12,-134.97,69.71,10.38
9,Ostrovnoy,100,RU,1569332365,87,68.05,39.51,35.69,19.13
10,Walvis Bay,0,NA,1569332593,44,-22.95,14.51,77.0,11.41
11,Fukue,40,JP,1569332342,73,35.03,136.69,73.4,21.92
12,Carnarvon,0,ZA,1569332338,25,-30.97,22.13,67.19,22.68
13,Butaritari,80,KI,1569332320,71,3.07,172.79,83.57,8.16
14,Lebu,50,ET,1569332334,87,8.96,38.73,60.53,4.83
15,Port Elizabeth,1,US,1569332328,56,39.31,-74.98,75.0,11.41
16,Barcelos,24,BR,1569332505,48,-0.97,-62.93,91.67,4.34
17,Bethel,1,US,1569332326,78,60.79,-161.76,35.6,8.05
18,Busselton,24,AU,1569332317,66,-33.64,115.35,55.0,11.03
19,Klyuchi,65,RU,1569332391,56,52.25,79.17,53.33,9.24
20,Dingle,16,PH,1569332375,89,11.0,122.67,75.83,5.84
21,Shimoda,75,JP,1569332388,83,34.7,138.93,73.0,3.36
22,Shache,0,CN,1569332612,67,38.42,77.24,70.0,5.41
23,Vaini,75,IN,1569332324,83,15.34,74.49,80.6,6.93
24,Hermanus,0,ZA,1569332330,72,-34.42,19.24,75.0,11.01
25,Harbin,0,CN,1569332615,87,45.77,126.62,46.4,2.24
26,La Malbaie,100,CA,1569332433,95,47.66,-70.15,52.0,11.01
27,Kapaa,90,US,1569332314,78,22.08,-159.32,80.6,13.87
28,Saint George,75,GR,1569332343,69,39.45,22.34,75.2,4.7
29,Te Anau,83,NZ,1569332373,91,-45.41,167.72,37.31,7.81
30,Punta Arenas,0,CL,1569332318,71,-53.16,-70.91,50.0,27.51
31,Mahebourg,75,MU,1569332322,64,-20.41,57.7,75.2,11.41
32,Saint-Philippe,75,CA,1569332337,76,45.36,-73.48,61.0,6.93
33,Bluff,100,AU,1569332325,88,-23.58,149.07,63.05,10.33
34,Corinto,20,CO,1569332625,73,3.17,-76.26,73.4,2.24
35,Port Alfred,72,ZA,1569332315,72,-33.59,26.89,64.0,5.01
36,Meulaboh,100,ID,1569332504,75,4.14,96.13,81.95,2.51
37,Sobolevo,89,RU,1569332397,71,54.43,31.9,44.69,4.34
38,Fortuna,1,US,1569332380,93,40.6,-124.16,53.01,5.82
39,Bay Roberts,90,CA,1569332630,93,47.58,-53.28,57.0,9.17
40,Mataura,72,NZ,1569332320,84,-46.19,168.86,39.99,5.99
41,Tuktoyaktuk,90,CA,1569332349,93,69.44,-133.03,35.6,3.36
42,Pisco,40,PE,1569332345,30,-13.71,-76.2,71.6,3.36
43,Barrow,0,AR,1569332328,33,-38.31,-60.23,71.51,4.45
44,Cape Town,20,ZA,1569332137,53,-33.93,18.42,75.0,23.04
45,Jizan,20,SA,1569332528,63,16.89,42.56,95.0,12.75
46,Mareeba,40,AU,1569332513,78,-16.99,145.42,72.0,9.17
47,Castro,40,CL,1569332329,100,-42.48,-73.76,51.8,1.12
48,Tchibanga,89,GA,1569332640,70,-2.92,11.0,81.77,8.84
49,Vardo,1,US,1569332356,63,39.62,-77.74,70.0,10.29
50,Pevek,100,RU,1569332379,84,69.7,170.27,35.51,17.96
51,Bambous Virieux,75,MU,1569332324,64,-20.34,57.76,75.2,11.41
52,Ancud,40,CL,1569332644,100,-41.87,-73.83,51.8,1.12
53,Daru,39,PG,1569332645,83,-9.07,143.21,74.21,8.12
54,Weihai,0,CN,1569332646,60,37.5,122.11,57.0,5.68
55,Santa Cruz,0,BR,1569332648,29,-6.22,-36.02,91.13,16.87
56,Vestmannaeyjar,90,IS,1569332495,100,63.44,-20.27,50.0,14.99
57,Dikson,100,RU,1569332324,90,73.51,80.55,35.87,17.67
58,Souillac,90,FR,1569332333,56,45.6,-0.6,73.4,23.04
59,Victoria,75,BN,1569332095,74,5.28,115.24,86.0,13.87
60,Turbat,2,PK,1569332653,56,26.0,63.05,87.53,11.3
61,Salym,76,RU,1569332654,85,60.06,71.48,36.41,9.64
62,Ambulu,0,ID,1569332656,90,-8.35,113.61,75.11,9.71
63,Marinette,1,US,1569332657,82,45.1,-87.63,60.8,3.36
64,Oakdale,1,US,1569332658,30,37.77,-120.85,73.99,2.35
65,Dukat,29,AL,1569332362,62,40.25,19.57,75.99,11.99
66,Portland,20,US,1569332244,64,43.66,-70.25,72.0,10.29
67,Rudno,0,PL,1569332661,55,51.75,22.95,64.4,5.82
68,Baiyin,20,CN,1569332663,100,36.55,104.13,50.0,4.47
69,Provideniya,82,RU,1569332363,93,64.42,-173.23,29.93,3.31
70,Airai,30,TL,1569332378,88,-8.93,125.41,70.61,5.28
71,Hithadhoo,100,MV,1569332330,80,-0.6,73.08,79.79,18.3
72,Faanui,100,PF,1569332355,74,-16.48,-151.75,79.79,17.54
73,Khatanga,0,RU,1569332363,88,71.98,102.47,34.61,9.08
74,Trofors,0,NO,1569332669,57,65.54,13.39,55.4,3.36
75,Labuhan,28,ID,1569332494,59,-2.54,115.51,73.85,2.08
76,Yellowknife,20,CA,1569332314,76,62.45,-114.38,32.0,8.05
77,Ponta do Sol,16,BR,1569332340,42,-20.63,-46.0,78.35,8.41
78,Misratah,7,LY,1569332673,81,32.38,15.09,79.07,17.2
79,Touros,40,BR,1569332368,58,-5.2,-35.46,82.4,13.87
80,Asyut,0,EG,1569332675,38,27.18,31.19,89.6,13.87
81,Ranong,20,TH,1569332535,74,9.96,98.62,84.2,3.36
82,Atikokan,71,CA,1569332678,70,48.76,-91.62,59.99,11.21
83,Cidreira,0,BR,1569332385,50,-30.17,-50.22,69.53,7.63
84,Jamestown,0,AU,1569332315,89,-33.21,138.6,43.61,7.67
85,Nuuk,20,GL,1569332402,86,64.17,-51.74,41.0,8.05
86,Yar-Sale,94,RU,1569332499,87,66.83,70.83,35.69,15.23
87,San Cristobal,0,HN,1569332383,70,14.68,-86.92,79.25,1.52
88,Zhangye,0,CN,1569332684,27,38.94,100.46,58.55,1.86
89,Kodiak,1,US,1569332326,82,39.95,-94.76,64.0,3.36
90,Orsha,75,BY,1569332687,45,54.51,30.43,48.2,6.71
91,Fallon,1,US,1569332688,71,46.84,-105.12,57.0,11.41
92,Norman Wells,75,CA,1569332346,90,65.28,-126.83,33.8,6.93
93,Najran,40,SA,1569332356,15,17.54,44.22,95.0,6.93
94,Sucre,15,BO,1569332691,51,-19.05,-65.26,59.0,7.52
95,Huilong,100,CN,1569332692,74,31.15,106.5,68.45,2.75
96,Chitral,0,PK,1569332693,40,35.85,71.79,51.53,5.23
97,New Norfolk,75,AU,1569332331,61,-42.78,147.06,48.2,6.93
98,Kruisfontein,93,ZA,1569332516,74,-34.0,24.73,56.93,11.79
99,Ixtapa,75,MX,1569332536,88,20.71,-105.21,78.8,2.42
100,Kabinda,94,CD,1569332507,39,-6.14,24.49,90.05,7.96
101,Nome,1,US,1569332321,94,30.04,-94.42,79.0,4.25
102,Uruzgan,0,AF,1569332361,17,32.93,66.63,54.59,3.62
103,San Lorenzo,0,HN,1569332701,88,13.43,-87.45,78.8,0.13
104,Gigmoto,0,PH,1569332363,75,13.78,124.39,82.85,6.67
105,Tuatapere,100,NZ,1569332323,84,-46.13,167.69,39.99,5.99
106,Kasongo-Lunda,84,CD,1569332480,40,-6.48,16.82,89.51,3.56
107,Berlevag,75,NO,1569332706,81,70.86,29.09,42.8,21.92
108,Sao Felix do Xingu,53,BR,1569332707,29,-6.64,-51.99,99.41,6.15
109,College,1,US,1569332329,80,64.86,-147.8,35.01,4.7
110,Matamoros,40,US,1569332709,88,25.87,-97.51,84.0,4.7
111,Xixiang,0,CN,1569332711,74,22.58,113.87,82.99,8.95
112,Alofi,100,NU,1569332338,87,-19.06,-169.92,60.8,1.12
113,Puerto del Rosario,20,ES,1569332713,65,28.5,-13.86,80.6,19.46
114,Buala,100,SB,1569332338,87,-8.15,159.59,76.19,0.65
115,Livingstone,0,ZW,1569332715,11,-17.85,25.86,94.19,9.78
116,Laguna,75,BZ,1569332332,94,16.17,-88.94,78.8,4.7
117,Liaocheng,70,CN,1569332718,33,36.44,115.96,71.87,4.83
118,Manggar,16,ID,1569332719,91,-2.88,108.27,76.55,3.29
119,Rach Gia,20,VN,1569332447,83,10.02,105.08,82.4,4.7
120,Dryden,75,CA,1569332708,76,49.79,-92.84,57.2,10.29
121,Bredasdorp,61,ZA,1569332315,52,-34.53,20.04,66.2,14.99
122,Port Blair,100,IN,1569332316,79,11.67,92.75,81.59,10.89
123,Hobart,75,AU,1569332231,61,-42.88,147.33,48.2,6.93
124,Cherepanovo,82,RU,1569332726,72,54.23,83.37,49.55,8.32
125,Zyryanka,11,RU,1569332528,77,65.73,150.89,24.53,6.73
126,Kharan,0,PK,1569332665,15,28.58,65.42,89.33,3.91
127,Arroio do Meio,23,BR,1569332729,62,-29.4,-51.94,71.01,3.0
128,Fairbanks,1,US,1569332390,80,64.84,-147.72,35.01,4.7
129,Cherskiy,0,RU,1569332364,88,68.75,161.3,25.61,4.43
130,Boguchany,0,RU,1569332355,78,58.38,97.46,44.15,4.76
131,San Buenaventura,0,MX,1569332733,72,27.06,-101.55,79.0,3.0
132,Alta Floresta,0,BR,1569332735,70,-9.87,-56.08,84.2,1.12
133,Deputatskiy,100,RU,1569332333,98,69.3,139.9,28.31,1.34
134,Rincon,20,PA,1569332737,88,8.46,-82.28,77.0,3.36
135,Nsanje,0,MZ,1569332738,28,-16.92,35.26,89.69,12.75
136,Marsaxlokk,20,MT,1569332739,51,35.84,14.54,82.4,25.28
137,Mount Isa,49,AU,1569332381,13,-20.73,139.49,73.4,21.92
138,Madison,40,US,1569332459,100,43.07,-89.38,63.0,9.17
139,Deoli,1,IN,1569332743,80,25.76,75.37,79.07,6.89
140,Providencia,75,CO,1569332744,68,1.24,-77.6,64.4,2.89
141,Tautira,20,PF,1569332478,78,-17.73,-149.15,75.2,4.7
142,Kahului,20,US,1569332383,69,20.89,-156.47,78.8,10.29
143,Kabare,32,RW,1569332748,60,-1.65,29.38,70.79,1.32
144,Lorengau,58,PG,1569332367,82,-2.02,147.27,79.25,6.93
145,Iqaluit,90,CA,1569332344,80,63.75,-68.52,35.6,6.8
146,San Patricio,66,PY,1569332321,46,-26.98,-56.83,86.63,1.45
147,Praya,40,ID,1569332752,78,-8.71,116.27,78.8,11.41
148,Upernavik,100,GL,1569332332,96,72.79,-56.15,33.35,6.55
149,Rosarito,75,CO,1569332754,72,4.91,-75.23,73.4,4.7
150,Ambon,75,FR,1569332381,72,47.55,-2.56,69.01,13.87
151,Quatre Cocos,75,MU,1569332493,64,-20.21,57.76,75.2,11.41
152,Ginda,24,IN,1569332472,97,30.69,78.49,58.91,0.2
153,Avera,1,US,1569332533,69,33.19,-82.53,75.99,3.36
154,Australind,0,AU,1569332760,65,-33.28,115.72,55.0,7.72
155,Georgetown,75,GY,1569332286,74,6.8,-58.16,86.0,9.17
156,Ondjiva,24,AO,1569332762,5,-17.07,15.73,98.33,7.52
157,Hanna,45,CA,1569332763,64,51.64,-111.93,50.63,6.38
158,Chuy,0,UY,1569332326,58,-33.69,-53.46,63.05,5.3
159,Kaeo,0,NZ,1569332766,100,-35.1,173.78,48.99,13.85
160,Ucluelet,75,CA,1569332304,100,48.94,-125.55,55.99,11.18
161,Nalut,0,LY,1569332337,11,31.86,10.98,100.31,14.25
162,Naze,100,NG,1569332391,79,5.43,7.07,82.31,9.19
163,Lagoa,0,PT,1569332380,64,37.14,-8.45,78.01,9.17
164,Talnakh,75,RU,1569332331,93,69.49,88.39,39.2,26.84
165,Sorong,3,ID,1569332773,95,-0.86,131.25,72.05,4.14
166,Aksarka,100,RU,1569332367,93,66.56,67.8,34.97,16.87
167,Petropavlovsk-Kamchatskiy,75,RU,1569332341,100,53.05,158.65,48.2,13.42
168,Dwarka,75,IN,1569332335,70,28.58,77.04,88.0,8.05
169,Chokurdakh,0,RU,1569332327,82,70.62,147.9,25.25,6.33
170,Boende,100,CD,1569332778,60,-0.28,20.88,86.45,3.27
171,Isangel,20,VU,1569332375,100,-19.55,169.27,62.6,17.67
172,Itarema,0,BR,1569332780,31,-2.92,-39.92,97.25,11.12
173,Qaanaaq,100,GL,1569332328,92,77.48,-69.36,21.83,2.95
174,Sivaki,17,RU,1569332783,66,52.63,126.75,35.51,3.89
175,Alice Springs,12,AU,1569332460,100,-23.7,133.88,48.2,1.12
176,Igrim,100,RU,1569332785,74,63.19,64.42,35.51,10.02
177,Praia da Vitoria,40,PT,1569332338,60,38.73,-27.07,73.4,10.18
178,Kaitangata,100,NZ,1569332320,76,-46.28,169.85,37.99,1.99
179,Aginskoye,0,RU,1569332789,78,51.11,114.54,50.45,1.68
180,Pangnirtung,90,CA,1569332474,93,66.15,-65.72,35.6,8.05
181,Ilulissat,90,GL,1569332321,93,69.22,-51.1,37.4,5.82
182,Westerland,90,NL,1569332792,88,52.89,4.93,64.99,16.11
183,Havelock,40,US,1569332617,69,34.88,-76.9,77.0,10.29
184,Juneau,90,US,1569332540,93,58.3,-134.42,48.2,10.29
185,Kavieng,100,PG,1569332481,67,-2.57,150.8,83.57,3.4
186,Palmer,20,AU,1569332374,87,-34.85,139.16,50.0,4.7
187,Clarence Town,0,AU,1569332515,87,-32.59,151.78,57.0,1.12
188,Tura,100,RU,1569332403,78,64.27,100.22,37.85,11.14
189,Atar,0,MR,1569332800,9,20.52,-13.05,108.77,16.69
190,Ribeira Grande,20,PT,1569332180,57,38.52,-28.7,75.2,9.17
191,Bandarbeyla,55,SO,1569332378,68,9.49,50.81,78.35,18.59
192,Tasiilaq,75,GL,1569332339,87,65.61,-37.64,42.8,21.92
193,Port Hedland,33,AU,1569332396,68,-20.31,118.58,68.0,3.36
194,Nanortalik,100,GL,1569332348,70,60.14,-45.24,45.23,4.14
195,Paamiut,42,GL,1569332360,84,61.99,-49.67,40.91,26.75
196,Buraydah,0,SA,1569332808,15,26.33,43.97,104.0,3.36
197,Garowe,54,SO,1569332809,24,8.41,48.48,92.57,7.67
198,Hambantota,90,LK,1569332753,100,6.12,81.12,78.8,6.93
199,Kariba,37,ZW,1569332811,36,-16.53,28.78,90.77,4.47
200,Burnie,86,AU,1569332376,83,-41.05,145.91,46.99,1.01
201,Cabedelo,75,BR,1569332317,65,-6.97,-34.84,82.4,18.34
202,Palestine,75,US,1569332623,100,31.76,-95.63,80.6,4.7
203,Smolenka,30,PL,1569332815,94,54.15,22.76,57.0,5.91
204,Banes,20,CU,1569332816,88,20.96,-75.72,80.6,2.24
205,Tezu,100,IN,1569332329,85,27.93,96.16,69.35,0.72
206,Nouadhibou,0,MR,1569332357,61,20.93,-17.03,78.8,16.11
207,Marsa Matruh,0,EG,1569332511,71,31.35,27.25,76.37,10.67
208,Bellevue,40,DE,1569332821,63,50.05,10.19,68.0,5.82
209,Nador,0,MA,1569332405,51,35.17,-2.93,86.0,8.05
210,Conakry,75,GN,1569332823,66,9.52,-13.7,86.0,4.7
211,Okha,100,RU,1569332824,67,53.59,142.95,48.29,36.1
212,Bilma,0,NE,1569332410,8,18.69,12.92,98.87,5.41
213,Mount Gambier,40,AU,1569332331,93,-37.83,140.78,42.8,5.82
214,Natchitoches,1,US,1569332741,94,31.76,-93.09,73.99,5.08
215,Nampula,75,MZ,1569332829,38,-15.12,39.26,87.8,4.7
216,Manacapuru,40,BR,1569332830,66,-3.3,-60.62,84.2,3.36
217,Port-Gentil,75,GA,1569332405,74,-0.72,8.78,84.2,13.87
218,Baykit,100,RU,1569332513,78,61.68,96.39,41.99,10.6
219,Zapolyarnyy,75,RU,1569332833,80,69.43,30.82,41.0,20.8
220,Mar del Plata,99,AR,1569332330,44,-46.43,-67.52,63.23,24.56
221,Yulara,90,AU,1569332335,71,-25.24,130.99,55.4,13.87
222,Fort Saint James,0,CA,1569332837,87,54.43,-124.25,39.83,6.49
223,Mmabatho,0,ZA,1569332838,15,-25.85,25.61,80.6,2.24
224,Raudeberg,20,NO,1569332840,67,61.99,5.14,59.0,5.82
225,Mitsamiouli,0,KM,1569332841,80,-11.38,43.28,78.53,20.51
226,Nhulunbuy,0,AU,1569332317,83,-12.18,136.78,71.6,5.82
227,Udachnyy,90,RU,1569332315,93,66.42,112.4,35.6,4.47
228,Los Llanos de Aridane,40,ES,1569332385,61,28.66,-17.92,78.8,11.41
229,Umm Lajj,0,SA,1569332354,78,25.02,37.27,83.93,5.3
230,Saint-Raphael,40,HT,1569332847,66,19.43,-72.2,84.2,2.24
231,Vao,54,EE,1569332505,69,59.1,26.19,47.57,3.15
232,Okato,40,NZ,1569332849,84,-39.19,173.88,44.01,10.0
233,Malpe,75,IN,1569332850,78,13.35,74.72,82.4,3.36
234,Ambilobe,0,MG,1569332338,60,-13.19,49.05,81.05,11.56
235,Gold Coast,90,AU,1569332473,72,-28.0,153.41,66.0,3.36
236,Todos Santos,5,MX,1569332853,73,23.45,-110.23,78.01,7.63
237,Baracoa,100,CU,1569332855,73,20.35,-74.5,83.03,3.85
238,Zaraza,52,VE,1569332856,74,9.35,-65.33,82.49,6.13
239,Valley City,75,US,1569332857,100,46.92,-98.0,60.8,3.36
240,Bua Yai,100,TH,1569332859,71,15.59,102.43,75.29,6.35
241,Marawi,85,PH,1569332860,87,8.0,124.29,79.0,4.0
242,Katsuura,75,JP,1569332327,69,33.93,134.5,73.4,14.99
243,Kerouane,50,GN,1569332862,74,12.23,-12.34,85.91,4.09
244,Ipixuna,20,BR,1569332863,66,-1.76,-48.8,84.2,12.75
245,Saint-Denis,90,FR,1569332865,93,48.94,2.36,64.0,9.17
246,Lusambo,96,CD,1569332866,75,-4.97,23.44,74.57,6.29
247,Kutum,99,SD,1569332867,22,14.2,24.66,90.05,10.51
248,Olga,40,US,1569332868,82,34.11,-118.17,66.2,4.0
249,Luderitz,0,NA,1569332323,19,-26.65,15.16,91.4,11.41
250,Olkhovka,33,RU,1569332871,72,53.21,60.61,37.31,10.69
251,Daan,20,YE,1569332872,30,17.0,43.43,97.43,10.94
252,Biak,68,ID,1569332385,65,-0.91,122.88,59.09,4.09
253,Orzhytsya,59,UA,1569332874,34,49.79,32.7,53.15,4.97
254,Rocha,0,UY,1569332327,48,-34.48,-54.34,67.91,3.53
255,Xining,100,CN,1569332876,53,36.62,101.77,42.89,4.81
256,Arraial do Cabo,75,BR,1569332328,56,-22.97,-42.02,71.6,12.75
257,Beloha,0,MG,1569332879,64,-25.17,45.06,72.05,13.13
258,Kuusamo,90,FI,1569332880,64,65.96,29.19,35.6,12.75
259,Saint-Francois,90,FR,1569332393,68,46.42,3.91,66.2,6.93
260,Kerman,0,IR,1569332593,5,30.29,57.06,95.0,4.7
261,Caravelas,99,BR,1569332333,69,-17.73,-39.27,72.95,14.45
262,Socoltenango,100,MX,1569332814,96,16.22,-92.25,65.03,0.74
263,Kavaratti,100,IN,1569332322,79,10.57,72.64,82.67,10.8
264,Lashio,92,MM,1569332514,87,22.93,97.75,67.91,1.23
265,Avarua,33,CK,1569332324,77,-21.21,-159.78,62.6,2.24
266,Shingu,85,JP,1569332333,96,33.72,135.99,59.99,5.84
267,Rio Gallegos,0,AR,1569332684,71,-51.62,-69.22,55.4,31.09
268,Barvinkove,0,UA,1569332891,31,48.91,37.03,52.07,1.72
269,Beringovskiy,0,RU,1569332477,57,63.05,179.32,28.67,4.54
270,Pemba,20,MZ,1569332401,69,-12.97,40.52,82.4,16.11
271,Benalla,0,AU,1569332379,100,-36.55,145.99,46.99,5.26
272,Camacha,40,PT,1569332895,69,33.08,-16.33,80.6,11.41
273,Sokolo,18,ML,1569332896,16,14.74,-6.12,103.55,6.64
274,Ayr,28,AU,1569332897,86,-19.58,147.4,66.0,2.64
275,Nikolskoye,40,RU,1569332326,48,59.7,30.79,48.99,11.18
276,Somerville,40,US,1569332746,64,40.57,-74.61,73.0,11.41
277,Peleduy,100,RU,1569332901,89,59.63,112.75,45.95,8.48
278,Viedma,0,AR,1569332506,30,-40.81,-62.99,73.67,16.8
279,Constitucion,5,MX,1569332537,100,23.99,-104.67,62.01,2.15
280,Sechura,77,PE,1569332398,89,-5.56,-80.82,63.41,7.14
281,Basco,1,US,1569332905,82,40.33,-91.2,64.4,5.82
282,Polis,20,CY,1569332907,61,35.04,32.42,81.0,14.99
283,Coahuayana,91,MX,1569332908,94,18.62,-100.35,72.77,1.3
284,Coquimbo,90,CL,1569332470,87,-29.95,-71.34,50.0,4.7
285,Develi,20,TR,1569332910,13,38.39,35.49,81.0,3.36
286,Iquique,90,CL,1569332472,77,-20.22,-70.14,59.0,4.7
287,East London,75,ZA,1569332337,100,-33.02,27.91,59.0,11.41
288,Narsaq,75,GL,1569332379,30,60.91,-46.05,53.6,19.46
289,Viransehir,0,TR,1569332915,12,37.24,39.76,76.73,7.25
290,Ouadda,74,CF,1569332916,80,8.07,22.4,81.05,2.19
291,Benguela,0,AO,1569332917,84,-12.58,13.4,72.95,8.95
292,Guerrero Negro,0,MX,1569332359,85,27.97,-114.04,68.81,12.03
293,Wageningen,90,NL,1569332919,82,51.98,5.66,66.2,9.17
294,Richards Bay,70,ZA,1569332366,74,-28.77,32.06,66.11,13.02
295,Sterling,1,US,1569332726,60,39.0,-77.4,72.0,16.11
296,Namibe,0,AO,1569332391,61,-15.19,12.15,77.0,11.41
297,Uglegorsk,47,RU,1569332924,69,49.08,142.06,48.29,13.73
298,Klaksvik,75,FO,1569332399,93,62.23,-6.59,53.6,20.8
299,Gazanjyk,0,TM,1569332926,20,39.24,55.52,79.25,11.72
300,Khotiv,0,UA,1569332927,28,50.33,30.47,60.8,6.71
301,Severo-Kurilsk,100,RU,1569332338,93,50.68,156.12,49.73,23.47
302,Thompson,40,CA,1569332339,71,55.74,-97.86,50.0,12.75
303,Chingirlau,51,KZ,1569332931,62,51.09,54.08,43.25,5.19
304,Gimli,100,CA,1569332932,81,50.63,-96.99,57.0,12.66
305,Sanchez,20,DO,1569332933,88,19.23,-69.61,80.6,5.82
306,Tilichiki,100,RU,1569332934,87,60.47,166.1,35.33,7.18
307,Saint-Pierre,100,FR,1569332935,93,48.95,4.24,60.01,16.11
308,Wanxian,100,CN,1569332937,78,30.8,108.39,66.47,5.86
309,Fonte Boa,97,BR,1569332938,59,-2.51,-66.09,85.91,1.07
310,Guhagar,100,IN,1569332939,82,17.48,73.19,81.95,13.94
311,Waddan,0,LY,1569332940,12,29.16,16.14,99.59,6.89
312,Sao Jose da Coroa Grande,15,BR,1569332941,59,-8.9,-35.15,82.31,11.48
313,Taoudenni,0,ML,1569332383,6,22.68,-3.98,110.03,12.57
314,Tongchuan,90,CN,1569332944,100,34.9,108.95,60.8,2.24
315,Nemuro,72,JP,1569332945,59,43.32,145.57,60.53,19.3
316,Ghanzi,72,BW,1569332946,6,-21.7,21.65,87.35,9.17
317,Nyurba,97,RU,1569332947,86,63.29,118.35,36.59,3.24
318,Broome,75,GB,1569332368,93,52.47,1.45,68.0,12.75
319,Goderich,2,CA,1569332949,90,43.74,-81.71,64.0,7.0
320,Toledo,0,ES,1569332951,36,39.86,-4.02,80.01,10.29
321,Cairns,40,AU,1569332286,78,-16.92,145.77,72.0,9.17
322,Whitehorse,90,CA,1569332774,80,60.72,-135.06,39.2,3.36
323,Cockburn Town,100,TC,1569332360,75,21.46,-71.14,83.57,17.27
324,Innisfail,34,AU,1569332955,90,-17.52,146.03,68.09,6.22
325,Hami,0,CN,1569332956,11,42.84,93.51,75.83,8.9
326,Yartsevo,35,RU,1569332958,73,55.07,32.69,42.53,4.5
327,Reforma,5,MX,1569332959,100,24.02,-104.65,62.01,2.15
328,Parabel,93,RU,1569332960,87,58.71,81.5,40.19,7.58
329,Makarov,57,RU,1569332961,90,48.62,142.78,37.67,4.05
330,Ivdel,82,RU,1569332962,79,60.7,60.42,30.11,6.2
331,Mayor Pablo Lagerenza,20,PY,1569332964,23,-19.93,-60.77,101.93,3.94
332,Ola,100,RU,1569332498,83,59.58,151.3,41.09,26.87
333,Jasper,1,US,1569332966,83,33.83,-87.28,78.01,5.03
334,Viet Tri,89,VN,1569332967,69,21.3,105.43,78.8,4.7
335,Dandong,0,CN,1569332969,79,40.12,124.37,58.73,5.06
336,Esperance,28,AU,1569332390,36,-33.86,121.89,64.4,12.75
337,Sioux Lookout,75,CA,1569332400,76,50.1,-91.92,57.2,5.82
338,Cabo San Lucas,5,MX,1569332746,73,22.89,-109.91,78.01,7.87
339,Oranjemund,0,ZA,1569332973,65,-28.55,16.43,61.07,25.12
340,Codrington,90,AU,1569332387,77,-28.95,153.24,63.0,5.82
341,San Angelo,1,US,1569332975,78,31.46,-100.44,75.99,5.82
342,Whitianga,69,NZ,1569332977,88,-36.83,175.7,51.01,11.01
343,Ocampo,0,MX,1569332978,72,27.32,-102.4,69.35,4.29
344,Bonavista,2,CA,1569332979,84,48.65,-53.11,52.0,4.0
345,Jieshou,100,CN,1569332980,43,33.26,115.35,74.03,4.41
346,Brenham,90,US,1569332787,88,30.17,-96.4,81.0,8.05
347,Grand Baie,75,MU,1569332982,64,-20.02,57.58,75.2,11.41
348,Marienburg,75,DE,1569332536,49,52.12,9.98,73.0,8.05
349,Turhal,40,TR,1569332985,14,40.38,36.08,82.4,3.36
350,Pacific Grove,1,US,1569332471,48,36.62,-121.92,68.0,10.29
351,La Asuncion,0,AR,1569332987,27,-26.05,-65.39,68.27,8.46
352,Campbell River,40,CA,1569332926,100,50.02,-125.24,55.4,3.38
353,Sabha,0,LY,1569332504,13,27.03,14.43,96.35,12.59
354,Terrace,90,CA,1569332990,87,54.52,-128.61,51.8,14.99
355,The Valley,75,AI,1569332477,83,18.22,-63.06,81.0,16.11
356,Ust-Tsilma,100,RU,1569332992,91,65.44,52.15,36.59,8.72
357,Horsham,4,AU,1569332993,95,-36.71,142.2,40.01,3.6
358,Vila Velha,40,BR,1569332995,58,-3.71,-38.6,86.0,18.34
359,Freeport,40,BS,1569332754,74,26.54,-78.7,80.6,8.05
360,Almaznyy,40,RU,1569333000,38,48.03,40.04,59.0,8.95
361,Abha,75,SA,1569333001,11,18.22,42.5,84.2,5.82
362,Waingapu,77,ID,1569333003,87,-9.65,120.26,72.77,10.85
363,Nueva Guinea,1,NI,1569333004,80,11.69,-84.46,81.95,5.66
364,Ingham,46,AU,1569333005,98,-18.65,146.16,63.23,2.08
365,Aquiraz,75,BR,1569332933,55,-3.9,-38.39,86.0,18.34
366,Araouane,0,ML,1569332541,5,18.9,-3.53,105.53,5.21
367,Marrakesh,20,MA,1569332512,26,31.63,-7.99,95.0,5.82
368,Anadyr,20,RU,1569333024,92,64.73,177.51,26.6,4.47
369,Merauke,54,ID,1569333034,79,-8.49,140.4,77.45,20.4
370,Tiksi,100,RU,1569333035,87,71.64,128.87,33.89,6.38
371,San,28,ML,1569332763,26,13.3,-4.9,99.41,6.35
372,Heihe,0,RU,1569333053,74,50.24,127.51,33.8,4.47
373,Atambua,89,ID,1569333069,81,-9.11,124.89,78.35,10.8
374,Byron Bay,90,AU,1569333074,72,-28.65,153.62,66.0,5.82
375,Shelburne,90,CA,1569333008,87,44.08,-80.2,63.0,2.24
376,Yumen,0,CN,1569333078,17,40.29,97.04,67.37,9.86
377,Ambanja,10,MG,1569332999,76,-13.68,48.45,79.79,10.78
378,Rafai,77,CF,1569333080,55,4.95,23.92,88.43,1.66
379,Bagdarin,20,RU,1569333082,74,54.44,113.59,43.79,2.77
380,Clinton,20,US,1569333083,73,41.28,-72.53,72.0,6.46
381,Multan,0,PK,1569333084,46,30.2,71.47,93.2,4.7
382,Waltrop,0,DE,1569333085,55,51.62,7.4,70.0,11.41
383,Iisalmi,40,FI,1569333026,45,63.56,27.19,44.6,9.17
384,Zhanaozen,0,KZ,1569333087,37,43.35,52.85,66.47,7.2
385,Bull Savanna,24,JM,1569332532,73,17.89,-77.59,83.57,2.89
386,Colac,62,AU,1569333090,96,-38.34,143.59,46.0,1.61
387,Sola,88,TZ,1569333091,20,-3.17,33.8,89.15,6.69
388,Broken Hill,71,AU,1569333092,37,-31.97,141.45,55.4,8.05
389,Cerritos,40,US,1569332962,88,33.86,-118.05,64.99,4.0
390,Grand-Santi,53,GF,1569333094,41,4.27,-54.38,94.37,3.06
391,Vidin,100,RO,1569333096,64,44.0,22.88,65.39,3.69
392,Toppenish,1,US,1569333097,100,46.38,-120.31,48.99,2.35
393,San Andres,22,PH,1569332329,87,13.32,122.68,76.91,3.83
394,La Orilla,6,MX,1569333099,78,18.0,-102.23,81.59,3.31
395,Mayo,90,CA,1569333100,100,63.59,-135.9,26.6,0.47
396,Marica,75,BR,1569333101,57,-22.92,-42.82,75.2,8.05
397,Torbay,90,CA,1569333103,93,47.66,-52.73,57.0,9.17
398,Havoysund,75,NO,1569333104,75,71.0,24.66,42.8,13.87
399,Saskylakh,100,RU,1569333105,92,71.97,114.09,35.87,11.07
400,Longyearbyen,75,NO,1569333106,93,78.22,15.63,39.2,3.36
401,Eureka,1,US,1569333108,93,40.8,-124.16,53.01,23.69
402,Heide,40,DE,1569333110,55,54.19,9.09,70.0,3.36
403,Peterhead,20,AU,1569332976,87,-34.83,138.5,48.99,4.7
404,Pipri,94,IN,1569333112,85,24.21,83.02,77.81,8.68
405,Camargo,100,MX,1569333114,65,27.69,-105.17,72.59,4.38
406,Santo Domingo,20,DO,1569332959,79,18.48,-69.94,86.0,7.02
407,Henties Bay,9,NA,1569333116,83,-22.12,14.28,63.0,5.01
408,Kirakira,100,SB,1569332534,93,-10.46,161.92,76.19,9.42
409,Nelson Bay,0,AU,1569333119,93,-32.72,152.14,57.0,7.16
410,Turayf,0,SA,1569333120,18,31.68,38.65,93.2,4.7
411,Saint-Augustin,75,CA,1569333121,72,45.63,-73.98,62.01,13.87
412,Marzuq,90,YE,1569333122,20,14.4,46.47,83.57,10.89
413,Hidalgo,40,US,1569333123,88,26.1,-98.26,82.99,4.7
414,Skjervoy,75,NO,1569333058,70,70.03,20.97,44.6,5.82
415,Eskil,0,TR,1569333126,20,38.4,33.41,78.17,5.01
416,Markala,77,ML,1569333127,29,13.69,-6.07,98.15,6.04
417,Exeter,40,GB,1569332915,64,50.73,-3.53,68.0,14.99
418,Lucera,0,IT,1569333129,50,41.51,15.34,77.0,16.11
419,Novoagansk,100,RU,1569333130,91,61.94,76.66,37.31,17.9
420,Dholka,40,IN,1569333125,74,22.73,72.44,87.8,2.91
421,Dali,100,CN,1569333133,44,34.79,109.94,69.53,3.06
422,Saldanha,50,PT,1569333134,47,41.42,-6.55,73.13,14.29
423,Wahpeton,100,US,1569333135,87,46.27,-96.61,59.0,4.7
424,Camp Verde,1,US,1569333136,71,34.56,-111.85,57.0,11.41
425,Praia,0,BR,1569333137,49,-20.25,-43.81,71.6,10.29
426,Bagnols-sur-Ceze,90,FR,1569333139,53,44.16,4.62,80.01,3.36
427,Pitea,40,SE,1569333140,65,65.32,21.48,48.99,5.82
428,Sampit,24,ID,1569333141,86,-2.54,112.95,76.91,3.53
429,Belyy Yar,0,RU,1569333142,93,53.6,91.39,50.0,2.24
430,Seddon,40,AU,1569333143,87,-37.81,144.89,52.0,6.93
431,Grenfell,0,AU,1569333144,90,-33.9,148.16,38.57,3.49
432,Port Lincoln,8,AU,1569333146,70,-34.72,135.86,55.31,10.42
433,Havelian,20,PK,1569333147,83,34.05,73.15,82.99,6.93
434,Narok,100,KE,1569333148,79,-1.09,35.87,64.13,4.97
435,Batabano,20,CU,1569333149,94,22.72,-82.29,78.8,8.05
436,Itacarambi,35,BR,1569333151,33,-15.1,-44.09,83.93,8.95
437,Rocafuerte,90,EC,1569333152,88,-0.92,-80.45,71.6,5.82
438,Fort Nelson,75,CA,1569333153,86,58.81,-122.69,37.4,3.36
439,Kaura Namoda,49,NG,1569333155,27,12.59,6.58,95.63,3.53
440,Nizhniy Kuranakh,47,RU,1569333157,93,58.84,125.49,28.49,2.08
441,Muroto,5,JP,1569333158,90,33.37,134.14,63.95,5.08
442,Jiayuguan,0,CN,1569333159,20,39.77,98.29,63.95,10.56
443,Sakaraha,86,MG,1569333160,37,-22.91,44.53,82.13,14.56
444,Teahupoo,0,PF,1569333162,78,-17.83,-149.27,75.2,3.36
445,Grootfontein,24,NA,1569333163,6,-19.56,18.1,88.25,10.11
446,Kupang,20,ID,1569333164,69,-10.16,123.6,78.8,12.75
447,Santa Maria,0,BR,1569333165,57,-16.02,-48.01,77.0,16.11
448,Harlingen,90,NL,1569333166,77,53.18,5.41,66.0,10.29
449,Krasnovishersk,83,RU,1569333168,82,60.4,57.08,31.91,4.72
450,Aksu,0,KZ,1569332888,37,52.04,76.93,53.6,8.95
451,Tupik,92,RU,1569333170,81,54.43,119.94,36.59,2.04
452,High Rock,40,BS,1569333171,74,26.63,-78.28,80.6,8.05
453,Kirkuk,0,IQ,1569333172,14,35.47,44.4,85.73,9.26
454,Omboue,38,GA,1569333173,85,-1.57,9.26,78.53,14.09
455,Padang,32,ID,1569333174,82,-0.92,100.36,79.79,6.06
456,Suntar,100,RU,1569333175,85,62.16,117.65,38.57,4.34
457,Khetri,68,IN,1569333177,60,28.0,75.78,83.21,8.57
458,Karacabey,75,TR,1569333178,60,40.21,28.36,78.01,11.41
459,Siocon,5,PH,1569333179,86,11.03,124.04,79.79,4.65
460,Dharchula,47,IN,1569333180,94,29.85,80.53,49.55,0.74
461,Bathsheba,40,BB,1569333181,70,13.22,-59.52,86.0,16.11
462,Paratinga,43,BR,1569333182,23,-12.69,-43.18,92.93,7.47
463,Eidsvag,0,NO,1569333184,71,62.78,8.07,57.2,11.41
464,Usinsk,100,RU,1569333185,97,66.0,57.56,36.23,19.6
465,Aldan,47,RU,1569333186,93,58.61,125.39,28.49,2.08
466,Cuamba,73,MZ,1569333187,17,-14.8,36.54,90.23,7.87
467,Maniwaki,67,CA,1569333188,66,46.38,-75.98,57.29,8.01
468,Evanton,40,GB,1569333190,82,57.66,-4.34,70.0,8.05
469,Abu Samrah,0,SY,1569333191,27,35.3,37.18,83.75,8.14
470,Zhongshu,100,CN,1569333192,87,24.52,103.77,51.71,3.44
471,Harper,90,US,1569333193,88,30.3,-99.24,75.99,14.38
472,Mushie,87,CD,1569333195,53,-3.02,16.92,88.61,4.38
473,Vallenar,0,CL,1569333196,34,-28.58,-70.76,69.17,8.93
474,Gat,21,SN,1569333197,66,14.69,-16.54,86.0,3.36
475,Mecca,31,SA,1569332910,47,21.43,39.83,91.13,4.5
476,Bereda,40,ES,1569333199,68,43.27,-7.54,71.01,11.41
477,Massaguet,29,TD,1569333201,37,12.48,15.44,98.6,4.7
478,Geraldton,40,CA,1569333202,100,49.72,-86.95,48.2,3.36
479,Fredericton,90,CA,1569333167,100,45.97,-66.65,53.6,11.41
480,Lavrentiya,0,RU,1569333204,83,65.58,-170.99,27.41,6.29
481,Lodja,86,CD,1569333205,42,-3.52,23.6,91.85,0.87
482,Tingi,0,TZ,1569333206,45,-11.3,35.03,77.81,6.67
483,Yabelo,74,ET,1569333208,39,4.89,38.09,78.17,6.89
484,Aswan,0,EG,1569333209,12,24.09,32.9,105.8,10.29
485,Grand-Bourg,20,GP,1569333210,74,15.88,-61.31,87.8,18.34
486,Prado,61,CO,1569333211,54,3.75,-74.93,84.47,3.89
487,Gladstone,77,AU,1569333213,73,-23.84,151.26,69.8,8.05
488,Manhattan,90,US,1569332939,88,39.18,-96.57,69.01,5.82
489,Chino Valley,1,US,1569332950,71,34.76,-112.45,60.01,11.41
490,Soluno-Dmitriyevskoye,100,RU,1569333216,42,44.4,42.73,68.0,6.71
491,Hebi,99,CN,1569333217,31,35.75,114.29,70.43,3.06
492,Southampton,40,GB,1569332948,72,50.9,-1.4,69.01,18.34
493,Gamba,98,CN,1569333219,55,28.28,88.52,43.07,2.37
494,Hofn,100,IS,1569333221,99,64.25,-15.21,41.63,4.14
495,Catia La Mar,20,VE,1569333222,78,10.6,-67.03,80.6,9.17
496,Saint-Louis,0,SN,1569333223,66,16.03,-16.5,89.6,13.87
497,Pirenopolis,0,BR,1569333224,41,-15.85,-48.96,77.0,13.87
498,La Ronge,20,CA,1569333226,70,55.1,-105.3,46.4,11.41
499,Maningrida,0,AU,1569333227,84,-12.05,134.23,74.39,4.83
500,Lata,36,IN,1569333228,93,30.78,78.62,37.31,1.39
501,Mayumba,34,GA,1569333229,89,-3.44,10.65,77.09,15.28
502,Sur,47,OM,1569333230,78,22.57,59.53,80.51,7.29
503,Karratha,10,AU,1569333231,73,-20.74,116.85,64.31,5.84
504,Leningradskiy,100,RU,1569333232,96,69.38,178.42,34.25,13.33
505,Mandalgovi,0,MN,1569333234,24,45.76,106.27,61.07,9.31
506,Alpena,1,US,1569333235,87,45.06,-83.43,63.0,3.36
507,Ambovombe,0,MG,1569333236,81,-25.18,46.09,72.23,7.7
508,Tarakan,0,ID,1569333237,75,3.3,117.63,81.77,6.91
509,Gander,75,CA,1569333238,87,48.95,-54.61,48.2,5.82
510,Dakar,16,SN,1569333239,66,14.69,-17.45,86.0,3.36
511,Chkalovsk,40,RU,1569333241,75,56.76,43.24,42.8,6.71
512,Springdale,90,US,1569333168,100,36.19,-94.13,69.01,3.36
513,Takoradi,100,GH,1569333243,81,4.89,-1.75,81.23,8.03
514,Santa Cecilia,0,CR,1569333244,78,9.85,-84.31,73.0,1.12
515,Cap Malheureux,75,MU,1569333246,64,-19.98,57.61,75.2,11.41
516,Clyde River,1,CA,1569333247,57,70.47,-68.59,32.0,4.7
517,Matara,48,BI,1569333248,44,-3.48,29.48,66.83,4.74
518,Progreso,0,UY,1569333249,67,-34.68,-56.22,66.99,6.93
519,Pandan,0,PH,1569333251,77,11.72,122.09,82.49,6.64
520,Vangaindrano,0,MG,1569333252,90,-23.35,47.6,70.25,4.85
521,Uthal,0,PK,1569333253,60,25.81,66.62,88.43,9.86
522,Singaraja,0,ID,1569333254,72,-8.11,115.08,80.33,0.63
523,Mogadishu,20,SO,1569333255,65,2.04,45.34,82.4,18.34
524,Athabasca,25,CA,1569333219,85,54.72,-113.29,43.79,10.85
525,Nagua,20,DO,1569333257,88,19.37,-69.85,80.6,5.82
526,Casas Grandes,1,MX,1569333259,82,30.15,-110.24,71.15,4.27
527,Potosi,30,BO,1569333260,45,-19.59,-65.75,54.05,7.99
528,Argalasti,75,GR,1569333261,88,39.23,23.22,73.4,4.7
529,Chapais,90,CA,1569333262,76,49.78,-74.86,50.0,4.7
530,Narayanpet,100,IN,1569333263,77,16.73,77.5,81.05,1.14
531,Canyon Lake,1,US,1569333265,58,33.68,-117.26,66.0,5.82
532,Mwinilunga,7,ZM,1569333266,11,-11.73,24.43,92.75,7.7
533,Tall Kayf,0,TR,1569333267,14,37.08,41.07,88.0,5.82
534,Hare Bay,75,CA,1569333268,87,48.86,-53.99,48.2,5.82
535,Kushima,32,JP,1569333270,88,31.5,131.29,64.0,5.01
536,Port Macquarie,0,AU,1569333271,87,-31.43,152.91,59.0,2.21
537,Cedar City,1,US,1569333272,35,37.68,-113.06,42.8,3.36
538,West Wendover,1,US,1569333273,51,40.74,-114.07,60.8,13.87
539,Westport,1,US,1569333244,64,41.14,-73.36,73.0,11.41
540,Talara,0,PE,1569333064,290,-4.58,-81.27,62.6,23.04
541,Tynset,75,NO,1569333276,93,62.28,10.78,44.6,4.7
542,Kungurtug,33,RU,1569333278,55,50.6,97.53,49.73,5.1
543,Salalah,20,OM,1569333279,79,17.01,54.1,84.2,12.75
544,Rawson,0,AR,1569333280,39,-43.3,-65.11,62.6,17.22
545,Dickinson,1,US,1569333281,71,46.88,-102.79,55.99,10.29
546,Samarai,96,PG,1569333282,94,-10.62,150.67,72.59,4.56
547,Kizhinga,0,RU,1569333284,82,51.85,109.91,50.45,3.6
548,Diego de Almagro,8,CL,1569333285,49,-26.39,-70.05,65.75,10.07
549,Flic en Flac,75,MU,1569333286,64,-20.27,57.36,75.2,11.41
550,Tyup,67,KG,1569333287,79,42.73,78.36,42.53,4.38
551,Nortelandia,44,BR,1569333288,26,-14.45,-56.8,101.57,3.87
552,Port Hardy,90,CA,1569333289,100,50.7,-127.42,50.0,2.24
553,Burgersdorp,0,ZA,1569333291,35,-30.99,26.32,60.35,23.89
554,Vostok,0,RU,1569333292,88,46.45,135.83,37.49,5.44
555,Teseney,1,ER,1569333293,32,15.11,36.66,95.45,0.38
556,Americus,1,US,1569333294,51,32.07,-84.23,82.4,5.35
557,Muravlenko,100,RU,1569333295,96,63.79,74.5,35.33,24.52
558,Sangar,21,RU,1569333296,95,63.92,127.47,31.73,5.21
559,Yinchuan,10,CN,1569333298,21,38.48,106.21,65.21,3.0
560,Yamada,75,JP,1569333299,88,36.58,137.08,66.99,2.24
561,Impfondo,86,CD,1569333300,45,1.62,18.06,92.57,0.89
562,Povenets,99,RU,1569333301,72,62.85,34.83,38.39,4.25
563,Sao Joao da Barra,90,BR,1569333302,60,-21.64,-41.05,71.6,16.11
564,Kropotkin,45,RU,1569333303,55,45.43,40.58,63.0,9.37
